Workbook

Sheet シフト表_入所
A1: シフト表(入所) | G1: 対象年月(設定シートB1で変更)
A3: 職員氏名 | B3: 1 | C3: 2 | D3: 3 | E3: 4 | F3: 5 | G3: 6 | H3: 7 | I3: 8 | J3: 9 | K3: 10 | L3: 11 | M3: 12 | N3: 13 | O3: 14 | P3: 15 | Q3: 16 | R3: 17 | S3: 18 | T3: 19 | U3: 20 | V3: 21 | W3: 22 | X3: 23 | Y3: 24 | Z3: 25 | AA3: 26 | AB3: 27 | AC3: 28 | AD3: 29 | AE3: 30 | AF3: 31
A4: 曜日 | B4: =IF(B$3<=DAY(EOMONTH(設定!$B$1,0)),TEXT(DATE(YEAR(設定!$B$1),MONTH(設定!$B$1),B$3),"aaa"),"") | C4: =IF(C$3<=DAY(EOMONTH(設定!$B$1,0)),TEXT(DATE(YEAR(設定!$B$1),MONTH(設定!$B$1),C$3),"aaa"),"") | D4: =IF(D$3<=DAY(EOMONTH(設定!$B$1,0)),TEXT(DATE(YEAR(設定!$B$1),MONTH(設定!$B$1),D$3),"aaa"),"") | E4: =IF(E$3<=DAY(EOMONTH(設定!$B$1,0)),TEXT(DATE(YEAR(設定!$B$1),MONTH(設定!$B$1),E$3),"aaa"),"") | F4: =IF(F$3<=DAY(EOMONTH(設定!$B$1,0)),TEXT(DATE(YEAR(設定!$B$1),MONTH(設定!$B$1),F$3),"aaa"),"") | G4: =IF(G$3<=DAY(EOMONTH(設定!$B$1,0)),TEXT(DATE(YEAR(設定!$B$1),MONTH(設定!$B$1),G$3),"aaa"),"") | H4: =IF(H$3<=DAY(EOMONTH(設定!$B$1,0)),TEXT(DATE(YEAR(設定!$B$1),MONTH(設定!$B$1),H$3),"aaa"),"") | I4: =IF(I$3<=DAY(EOMONTH(設定!$B$1,0)),TEXT(DATE(YEAR(設定!$B$1),MONTH(設定!$B$1),I$3),"aaa"),"") | ... AF4: =IF(AF$3<=DAY(EOMONTH(設定!$B$1,0)),TEXT(DATE(YEAR(設定!$B$1),MONTH(設定!$B$1),AF$3),"aaa"),"")

Sheet シフト表_上司
A1: シフト表(上司) | G1: 対象年月(設定シートB1で変更)
A3: 職員氏名 | B3: 1 | C3: 2 | D3: 3 | E3: 4 | F3: 5 | G3: 6 | H3: 7 | I3: 8 | J3: 9 | K3: 10 | L3: 11 | M3: 12 | N3: 13 | O3: 14 | P3: 15 | Q3: 16 | R3: 17 | S3: 18 | T3: 19 | U3: 20 | V3: 21 | W3: 22 | X3: 23 | Y3: 24 | Z3: 25 | AA3: 26 | AB3: 27 | AC3: 28 | AD3: 29 | AE3: 30 | AF3: 31
A4: 曜日 | B4: =IF(B$3<=DAY(EOMONTH(設定!$B$1,0)),TEXT(DATE(YEAR(設定!$B$1),MONTH(設定!$B$1),B$3),"aaa"),"") | C4: =IF(C$3<=DAY(EOMONTH(設定!$B$1,0)),TEXT(DATE(YEAR(設定!$B$1),MONTH(設定!$B$1),C$3),"aaa"),"") | D4: =IF(D$3<=DAY(EOMONTH(設定!$B$1,0)),TEXT(DATE(YEAR(設定!$B$1),MONTH(設定!$B$1),D$3),"aaa"),"") | E4: =IF(E$3<=DAY(EOMONTH(設定!$B$1,0)),TEXT(DATE(YEAR(設定!$B$1),MONTH(設定!$B$1),E$3),"aaa"),"") | F4: =IF(F$3<=DAY(EOMONTH(設定!$B$1,0)),TEXT(DATE(YEAR(設定!$B$1),MONTH(設定!$B$1),F$3),"aaa"),"") | G4: =IF(G$3<=DAY(EOMONTH(設定!$B$1,0)),TEXT(DATE(YEAR(設定!$B$1),MONTH(設定!$B$1),G$3),"aaa"),"") | H4: =IF(H$3<=DAY(EOMONTH(設定!$B$1,0)),TEXT(DATE(YEAR(設定!$B$1),MONTH(設定!$B$1),H$3),"aaa"),"") | I4: =IF(I$3<=DAY(EOMONTH(設定!$B$1,0)),TEXT(DATE(YEAR(設定!$B$1),MONTH(設定!$B$1),I$3),"aaa"),"") | ... AF4: =IF(AF$3<=DAY(EOMONTH(設定!$B$1,0)),TEXT(DATE(YEAR(設定!$B$1),MONTH(設定!$B$1),AF$3),"aaa"),"")

Sheet シフト表_通所
A1: シフト表(通所) | G1: 対象年月(設定シートB1で変更)
A3: 職員氏名 | B3: 1 | C3: 2 | D3: 3 | E3: 4 | F3: 5 | G3: 6 | H3: 7 | I3: 8 | J3: 9 | K3: 10 | L3: 11 | M3: 12 | N3: 13 | O3: 14 | P3: 15 | Q3: 16 | R3: 17 | S3: 18 | T3: 19 | U3: 20 | V3: 21 | W3: 22 | X3: 23 | Y3: 24 | Z3: 25 | AA3: 26 | AB3: 27 | AC3: 28 | AD3: 29 | AE3: 30 | AF3: 31
A4: 曜日 | B4: =IF(B$3<=DAY(EOMONTH(設定!$B$1,0)),TEXT(DATE(YEAR(設定!$B$1),MONTH(設定!$B$1),B$3),"aaa"),"") | C4: =IF(C$3<=DAY(EOMONTH(設定!$B$1,0)),TEXT(DATE(YEAR(設定!$B$1),MONTH(設定!$B$1),C$3),"aaa"),"") | D4: =IF(D$3<=DAY(EOMONTH(設定!$B$1,0)),TEXT(DATE(YEAR(設定!$B$1),MONTH(設定!$B$1),D$3),"aaa"),"") | E4: =IF(E$3<=DAY(EOMONTH(設定!$B$1,0)),TEXT(DATE(YEAR(設定!$B$1),MONTH(設定!$B$1),E$3),"aaa"),"") | F4: =IF(F$3<=DAY(EOMONTH(設定!$B$1,0)),TEXT(DATE(YEAR(設定!$B$1),MONTH(設定!$B$1),F$3),"aaa"),"") | G4: =IF(G$3<=DAY(EOMONTH(設定!$B$1,0)),TEXT(DATE(YEAR(設定!$B$1),MONTH(設定!$B$1),G$3),"aaa"),"") | H4: =IF(H$3<=DAY(EOMONTH(設定!$B$1,0)),TEXT(DATE(YEAR(設定!$B$1),MONTH(設定!$B$1),H$3),"aaa"),"") | I4: =IF(I$3<=DAY(EOMONTH(設定!$B$1,0)),TEXT(DATE(YEAR(設定!$B$1),MONTH(設定!$B$1),I$3),"aaa"),"") | ... AF4: =IF(AF$3<=DAY(EOMONTH(設定!$B$1,0)),TEXT(DATE(YEAR(設定!$B$1),MONTH(設定!$B$1),AF$3),"aaa"),"")

Sheet シフト表_事務局
A1: シフト表(事務局) | G1: 対象年月(設定シートB1で変更)
A3: 職員氏名 | B3: 1 | C3: 2 | D3: 3 | E3: 4 | F3: 5 | G3: 6 | H3: 7 | I3: 8 | J3: 9 | K3: 10 | L3: 11 | M3: 12 | N3: 13 | O3: 14 | P3: 15 | Q3: 16 | R3: 17 | S3: 18 | T3: 19 | U3: 20 | V3: 21 | W3: 22 | X3: 23 | Y3: 24 | Z3: 25 | AA3: 26 | AB3: 27 | AC3: 28 | AD3: 29 | AE3: 30 | AF3: 31
A4: 曜日 | B4: =IF(B$3<=DAY(EOMONTH(設定!$B$1,0)),TEXT(DATE(YEAR(設定!$B$1),MONTH(設定!$B$1),B$3),"aaa"),"") | C4: =IF(C$3<=DAY(EOMONTH(設定!$B$1,0)),TEXT(DATE(YEAR(設定!$B$1),MONTH(設定!$B$1),C$3),"aaa"),"") | D4: =IF(D$3<=DAY(EOMONTH(設定!$B$1,0)),TEXT(DATE(YEAR(設定!$B$1),MONTH(設定!$B$1),D$3),"aaa"),"") | E4: =IF(E$3<=DAY(EOMONTH(設定!$B$1,0)),TEXT(DATE(YEAR(設定!$B$1),MONTH(設定!$B$1),E$3),"aaa"),"") | F4: =IF(F$3<=DAY(EOMONTH(設定!$B$1,0)),TEXT(DATE(YEAR(設定!$B$1),MONTH(設定!$B$1),F$3),"aaa"),"") | G4: =IF(G$3<=DAY(EOMONTH(設定!$B$1,0)),TEXT(DATE(YEAR(設定!$B$1),MONTH(設定!$B$1),G$3),"aaa"),"") | H4: =IF(H$3<=DAY(EOMONTH(設定!$B$1,0)),TEXT(DATE(YEAR(設定!$B$1),MONTH(設定!$B$1),H$3),"aaa"),"") | I4: =IF(I$3<=DAY(EOMONTH(設定!$B$1,0)),TEXT(DATE(YEAR(設定!$B$1),MONTH(設定!$B$1),I$3),"aaa"),"") | ... AF4: =IF(AF$3<=DAY(EOMONTH(設定!$B$1,0)),TEXT(DATE(YEAR(設定!$B$1),MONTH(設定!$B$1),AF$3),"aaa"),"")

Sheet 申請
A1: 勤務変更申請
A3: 申請者氏名
A4: パスワード
A5: 対象日
A6: 現在の勤務(自動表示) | B6: =IFERROR(GetCurrentShift($B$3,$B$5),"-")
A7: 変更後の勤務
A8: 変更理由(任意)
A10: 入力後、下の「申請する」ボタンを押してください。(ボタンは初回に自動作成されます)

Sheet 承認
A1: 勤務変更 承認
A3: 対象申請ID | D3: 承認待ち一覧からIDを選択
A4: 承認者氏名
A5: パスワード
A6: 判定(承認/却下)
A11: ▼ 承認待ち一覧(自動更新)
A12: 申請ID | B12: 申請者 | C12: 対象者 | D12: 対象日 | E12: 変更前 | F12: 変更後 | G12: 変更理由 | H12: 申請日時

Sheet ロールバック
A1: 承認済み変更の取り消し(ロールバック)
A3: 対象申請ID | D3: 承認済み一覧からIDを選択
A4: 承認者氏名 | D4: 取り消しにも承認権限者のパスワードが必要です
A5: パスワード
A10: ▼ 承認済み一覧(自動更新)
A11: 申請ID | B11: 申請者 | C11: 対象者 | D11: 対象日 | E11: 変更前 | F11: 変更後(現在値) | G11: 承認者 | H11: 承認日時

Sheet 交換申請
A1: 勤務交換申請(2名間の振替)
A3: 申請者氏名
A4: パスワード
A6: 【対象者A】氏名
A7: 対象日A
A8: 現在の勤務A(自動表示) | B8: =IFERROR(GetCurrentShift($B$7,$B$8),"-")
A9: 変更後の勤務A
A11: 【対象者B】氏名
A12: 対象日B
A13: 現在の勤務B(自動表示) | B13: =IFERROR(GetCurrentShift($B$12,$B$13),"-")
A14: 変更後の勤務B
A16: 交換理由(任意)
A18: 入力後、下の「交換を申請する」ボタンを押してください。(ボタンは初回に自動作成されます)

Sheet 有給申請
A1: 有給休暇申請
A3: 申請者氏名
A4: パスワード
A5: 開始日
A6: 終了日
A7: 理由(任意)
A9: 開始日〜終了日の全日程が1件の申請としてまとめて登録されます。(最大31日分)
A10: 入力後、下の「有給を申請する」ボタンを押してください。(ボタンは初回に自動作成されます)

Sheet 超過勤務申請
A1: 超過勤務(残業)申請
A3: 申請者氏名
A4: パスワード
A5: 対象日
A6: 開始時刻
A7: 終了時刻
A8: 理由(任意)
A10: 承認されると、シフト表の対象日のセルに残業時間が追記されます。(例: 日勤(残1時間30分))
A11: 入力後、下の「残業を申請する」ボタンを押してください。(ボタンは初回に自動作成されます)

Sheet 管理
A1: 管理
A3: 月初めの切り替え
A4: 職員マスタ(氏名・パスワード)はそのまま残し、各部署のシフト表の中身だけを
A5: 消去して、新しい対象年月に切り替えます。履歴は変更されません。

Sheet 履歴
A1: 申請ID | B1: 申請日時 | C1: 申請者 | D1: 対象者 | E1: 対象日 | F1: 変更前 | G1: 変更後 | H1: 変更理由 | I1: ステータス | J1: 承認者 | K1: 承認/処理日時 | L1: 元申請ID(ロールバック用)

Sheet 職員マスタ
A1: 氏名 | B1: 権限(一般/一般・承認者) | C1: ソルト | D1: パスワードハッシュ | E1: 登録日時

Sheet 設定
A1: 対象年月初日 | B1: 46235
A2: 次回申請ID通番 | B2: 0
A3: メモ | B3: シート保護パスワードは vba/modCommon.bas の SHEET_PROTECT_PASSWORD 定数で管理(運用上の誤操作防止用。真の権限管理は職員マスタのハッシュ照合で行う)
A4: 有給の勤務コード | B4: 年
